Year,Species,Total.Sampled,Total.Males,Total.Females,Total.Unknown,Total.Trips,Average.Per.Trip,Average.TL,Average.FL,Average.TW,Average.Per.Hook,Average.CatchWeight.Per.Trip
2007,Lutjanus guttatus,840,315,387,138,25,33.6,44.2313629,,1268.61014,0.034842051,42.6253007
2008,Lutjanus guttatus,2207,467,446,1294,67,32.94029851,39.80771389,,978.3492063,0.028619626,32.2271149
2009,Lutjanus guttatus,3242,668,619,1955,55,58.94545455,40.37701933,33.07114321,825.4676765,0.04415843,48.6575674
2010,Lutjanus guttatus,1561,547,213,800,41,38.07317073,37.8971386,30.96877844,620.8297121,0.042393734,23.63695562
2011,Lutjanus guttatus,2903,834,985,1084,90,32.25555556,39.77787835,37.16758789,739.5820441,0.035494464,23.85562971
2012,Lutjanus guttatus,6915,1124,1011,4780,135,51.22222222,41.46504721,38.78962097,628.4514198,0.05276172,32.19067828
2013,Lutjanus guttatus,2121,600,521,1000,94,22.56382979,43.54845457,72.92872239,1025.403258,0.032168227,23.13702457